{
    "AK47": 0,
    "AUG": 0,
    "AWP": 0,
    "Bizon": 0,
    "CZ-75": 0,
    "Deagle": 0,
    "Default Config": 0,
    "Elite": 0,
    "Famas": 0,
    "FiveSeven": 0,
    "G3SG1": 0,
    "Galil": 0,
    "Glock": 0,
    "Knife": 3,
    "Knife Skin": 0,
    "M249": 0,
    "M4A1": 0,
    "M4A1-S": 0,
    "MAC10": 0,
    "MAG7": 0,
    "MP5": 0,
    "MP7": 0,
    "MP9": 0,
    "Menu A": 1.0,
    "Menu B": 0.6800000071525574,
    "Menu G": 0.27000001072883606,
    "Menu R": 0.5600000023841858,
    "Negev": 0,
    "Nova": 0,
    "P2000": 0,
    "P250": 0,
    "P90": 0,
    "Revolver": 0,
    "SCAR20": 0,
    "SG556": 0,
    "Sawedoff": 0,
    "Scout": 0,
    "Tec9": 0,
    "UMP45": 0,
    "USP-S": 0,
    "XM1014": 0
}
